如何把手機/平板/筆電的畫面投放到電視上呢？想要享受大螢幕看影片的快感，只要安裝這個.......,0,0,0,0,0
2018世足賽YouTube直播/轉播/Live線上看懶人包,0,0,0,0,0
(107.06.12) LINE Points「口袋商店金頭腦 賺點撇步第2彈」答案/解答 全部答對就可獲得2點! (LINE點數) / 嚴選好物 / 禮品小舖 / LINE購物 / LINE口袋商店 / LINE GIFT SHOP,0,0,0,0,0
看IG限時動態，如何不留觀看記錄Part2 新版,0,0,0,0,0
【筆電選購推薦】 2018年6月,0,11,23,0,0
2018 最佳真無線藍牙耳機推薦,0,0,7,0,0
6/12【口袋商站金頭腦 賺點撇步第2彈】,0,0,0,0,0
【instagram 教學】Instagram Followers 被誰(退)追蹤、封鎖 之趣味、小奸詐的app,0,0,0,0,0
2017年最平價實用的藍芽喇叭推薦十大排名懶人包，頂級CP值的選擇。(藍牙喇叭推薦),0,26,33,0,0
安博盒子三代 使用半年後心得分享,0,1,5,0,0
手機USB數據連線分享網路給電腦,0,0,0,0,0
 【分享】iOS / Android手機鏡像螢幕分享器,0,0,0,0,0
2017最新十大知名智能手環推薦大評比。到底該如何選擇??,0,2,25,1,0
[網購] 搞定微信支付 ｜ 不用跑中國 ｜ 台灣免實名認證 ｜ 圖文步驟教學 ｜ 購買羅輯思維微信公眾號每日限免、得到App、知乎live,0,0,0,0,0
tutorJr 輕鬆在家學英文，免出國上國際語言課程，跟著外籍老師看遍全世界！,0,0,0,0,0
[APP]如何知道誰在instagram退追蹤!!!!!!,0,0,0,0,0
[統一發票中獎號碼107年5-6月]2018有增開獎號…(含2018最新統一發票中獎號碼),0,0,0,0,0
10大超人氣行動電源品牌排行，推薦挑選行動電源最速懶人包~,0,4,25,11,0
【教學】Pchome個人賣場上架教學 / 下架教學 / 提款教學 / 出貨教學 ▋ 出清家中雜物，媽咪也能快速上手,0,0,0,0,0
LINE Pay -【行動支付】全方位分析-LINE Points回饋、兌換分析、合作銀行及商家,0,0,0,0,0
iphone沒聲音，卡在耳機模式怎麼辦呢？,0,0,0,0,0
微軟 Windows 10 專業版 64位元 (繁體中文下載+免費永久序號註冊+隨身碟安裝),0,0,0,0,0
小螢幕變大螢幕 把手機平板筆電的畫面投放到電視 Android手機篇的4個方案 #1 MHL(鏡像輸出 同步顯示 投影)[真.教學],0,0,0,0,0
[開箱]Tronsmart 三合一編織鯊魚線-120CM,0,5,5,0,0
【教學】用蝦皮賣掉二手物 簡單上手!(使用貨到付款),0,0,0,0,0
2018 最新推薦的約炮神器 (2018.01.22更新),0,0,0,0,0
經濟實惠的高品質音效選擇！TCSTAR 多功能藍牙環繞 3D 劇院喇叭 TCS9100 開箱評測！,1,2,8,2,0
【教學】OTG是什麼?OTG的入門基本知識(含實測解說),0,0,0,0,0
月下載量破萬的Legend Trade(口袋期權)究竟在夯什麼?,0,0,0,0,0
【雙耳藍芽耳機】除了Apple AirPods？有新選擇嗎？(1對2藍牙耳機推薦10大排名),10,32,44,7,0
家用電池的種類：碳鋅電池、鹼性電池、充電電池,0,0,0,0,0
2018耳機熱門排行前十名推薦，無論是耳罩耳機、入耳式耳機、單耳雙耳藍牙耳機一次收錄!!,11,22,21,4,0
教你如何把電子發票存在手機裡 - 手機條碼 & 雲端發票,0,0,0,0,0
電腦無法開機,0,0,0,0,0
移動式冷氣機是什麼電器? 它好用嗎? 該怎麼用呢?,0,0,0,0,0
【LINE】 如何快速登出帳號!?,0,0,0,0,0
「UBER優步」專屬私人司機叫車服務！,0,0,0,0,0
Reboot and select proper boot device,0,0,0,0,0
(數位電視)各廠牌電視機，如何設定無線電視頻道，接線方式/掃描頻道方式 講解(相關知識),0,0,0,0,0
安博盒子PRO台灣加強版電視盒,0,0,0,0,0
2017最新~推薦你如何選購一台合適的液晶電視:尺寸、4K、HDR、Smart TV、低藍光護眼功能一次看懂,0,0,0,0,0
【教學】教你使用原始LINE功能備份LINE的聊天訊息 匯入聊天訊息 備份還原存的資料夾,0,0,0,0,0
【免費APP】登山健行用GPS定位軟體下載與教學。Hikingbook,0,0,0,0,0
Earn Bitcoins while using Google Chrome  New fast browser,0,0,0,0,0
android手機解圖形鎖恢復原廠設定 (各家廠牌),0,0,0,0,0
【開箱】旅行必備 超推薦金屬質感手機腳架自拍棒 金剛自拍棒,1,5,26,3,2
【平價手機推薦】$$一萬有找！5支你可以入手的便宜智慧型4G手機！,10,9,10,0,0
iPhone突然不能開機、iPhone充一整晚電也開不了機、iPhone當機,0,0,0,0,0
有什麼APP來自動通話錄音？這4款最佳免費手機通話錄音APP，你非知不可,7,6,10,1,0
未來應用更廣 宏捷科攻VCSEL商機,0,0,0,0,0
【體驗】得利倍剋漏防水漆,0,0,0,0,0
小米盒子mini破解詳細教學【附圖】,0,0,0,0,0
[詐騙] 酒店網路 call 客，圖片記錄,0,0,0,0,0
