讓人愛不釋手的lunasol彩妝系列，從底妝到完妝只有透亮形容,12,18,6,3,6
 分享｜Reach 麗奇，PUMPING牙膏亮白系列，pumping新誕生，為自己的牙齒深層潔淨一下     ,13,31,11,3,5
那些類青春露的替代保養品♥八罐前導精華與保濕化妝水評比♥SK-II青春露/Kiehl's契爾氏紫鳶青春肌活露/Userism靓肌靚水漾仙跡微分子前導活膚菁露/VINATA台酒生技酒粕精粹逆齡活膚青春露/Hada-Labo肌研極潤保濕化妝水/Dr. Selection賽萊斯海泥分子酊保濕化妝水1%/Kiehl's契爾氏冰河保濕機能水/Decorte黛珂超微脂修護源露,20,38,19,13,3
【2018更新*日本必買藥妝】日本東京/大阪/京都自由行120種美妝藥妝商品試用文,22,40,16,3,4
【日本藥妝分享】想買BB的人一定要看！Chocola BB系列5大商品差異比較總整理～ ✽ ,8,5,3,1,0
自己的白皙肌膚自己守護！10款防曬實測！,9,23,21,6,11
『瘦身』瘦小腿 睡前三步驟 消除蘿蔔不是夢,0,0,0,0,0
【。（塑身）瘦大腿第一篇：從象腿變瘦腿的血淚史(上)＊】,0,0,0,0,0
【桃園特賣會】瑪登瑪朵內衣3件888元、內褲6件588元、馬甲99元，還有皮件490元起、登山包5折、萬國行李箱6折~PARK食尚廣場附近,4,12,5,1,3
膠原蛋白大解密！各種膠原蛋白的疑難雜症，Kevin一次解答！,11,8,7,1,0
臉部保養║日本面膜 BCL Saborino 早安面膜 早上起床不洗臉？敷臉等於洗臉 ❤跟著Livia享受人生❤,6,3,6,1,3
e-nail x K.Fika 6月新色_夢想不需急著完成，但要不斷地靠近夢想！,2,8,7,0,1
【保養】 ▌ 我成功滅斑啦！！ | 淡斑計畫一個月,0,0,0,0,0
抱歉!我們真的不適合~DR.CINK三款精華液使用分享,6,4,0,3,2
網路燒翻天的素顏霜 下手前停看聽,0,0,0,0,0
【皮秒雷射】皮秒雷射要打幾次？多久打一次？恢復期又要多久？,0,0,0,0,0
【美國超級淡斑皂】美國 Dermisa  淡斑皂洗完馬上過敏耶!! @Katty ~ 愛夢幻,2,2,2,0,1
【美妝】日本@cosme 開架唇膏NO.1 OPERA金管唇膏全試色/含限定#09Sakura Petal,0,5,6,2,7
愛不釋手的除粉刺小工具!!!,0,0,0,0,0
大貓遇到艾多美,0,3,2,0,0
向六年婚姻致敬，辛苦了！謝謝你(妳)的不離不棄。JWwedding婚紗攝影/自助婚紗攝影工作室 ＃ ＡＤ,6,11,5,0,0
誰說一定要漂髮才能擁有特殊色？ 去兜告訴你『不需漂』即可擁有的特殊色大特輯,0,5,1,0,0
【保養】縮時保養正流行！Saborino晚安面膜。早安面膜。不只早上要多睡點，晚上也要早點去睡美容覺！,3,6,7,1,0
【保養】日本Labo Labo的毛孔系列好用到誇張，怎麼可能是開架商品！,16,38,12,0,0
【美妝】日本熱賣不是沒有原因！OPERA Lip Tint渲漾水色唇膏全試色♥♥ ,6,20,4,0,0
卸妝、洗臉，一皂搞定《黃金米系列-紅寶美顏皂特惠組》,3,4,0,0,0
【傷口敷料】認識人工皮的好處，傷口快癒合也不留疤痕！,0,0,0,0,0
[心得+試色]14隻MAC子彈唇膏試色｜14 MAC LIPSTICKS SWATCHES,5,23,4,1,8
【懶妞愛美】背痘掰掰//成功對抗背痘心路歷程,0,0,0,0,0
益膚乳霜使用回饋分享(10701),0,1,0,0,0
【保養】德國安瓶讓臉蛋兒發光 ISANA v.s. Balea 與 德國時空膠囊 (2018更新),0,0,0,0,0
皮秒雷射究竟是什麼？與淨膚雷射相比？我適合嗎？,0,0,0,0,0
好物∣七款油頭洗髮精大評比,0,0,0,0,0
［保養］眼睛的好夥伴-7種人工淚液5種眼藥水大評比,0,0,0,0,0
【美妝】7款熱門開架睫毛膏評比,3,11,10,4,7
[教學] 光療指甲DIY新手入門必讀指南！ Part.1光療指甲油,0,0,0,0,0
【生活】喜樂纖S秘方!!我也要向美容大王~大S看齊!!!,0,2,2,1,0
【保養】搞定粉刺毛孔。敷完粉刺立刻浮出看的到♥KIEHL’S 契爾氏亞馬遜白泥淨緻毛孔面膜,0,0,0,0,0
你不認真看就注定曬成灰燼的防曬課程,0,0,0,0,0
[做臉] 終於可以推薦大家做臉了!Eva's Diary 美容工作室，價格合理又細心♡,0,5,2,0,0
小胸部如何按摩才會變大（豐胸穴道＋按摩方法）,0,0,0,0,0
2018 Dior限量春妝＋迪奧癮誘粉漾潤唇膏全新6色 試色報告！,0,1,1,2,0
