google play 商店應用程式無法下載安裝(補圖教學),0,0,0,0,0
【知識學堂】Wi-Fi無法連線問題困難排除#WiFi無法連線#無法上網#連線失敗#無線順斷#Tenda#無線干擾#頻道#無線分享器#無線基地台#高功率#high Power,0,0,0,0,0
"沒看過這篇,請不要在天貓tmall購物買東西?!台灣人都到天貓買什麼?",0,0,0,0,0
【自有模具 曲度精密】Samsung S9/S9+ 正面背面，好好保護〝3D立體全貼合〞玻璃貼全透明滿版✴全面上膠✴嚴選名膜 曲面保護貼系列-就像沒貼-S9+背貼滿版/S9玻璃貼仿原滿版/手機貼膜/也有NOTE8滿版玻璃貼/嚴選777,0,0,0,0,0
百度帳號台灣地區註冊方法教學 有效解決需使用中國大陸手機驗證的問題 非中國大陸地區無中國手機號實測可用 Baidu百度雲盤 百度網盤,0,0,0,0,0
中華電信MOD遙控器如何學習設定?,0,0,0,0,0
【教學】如何使用方便簡單的蝦皮APP   (註冊及PO文),0,0,0,0,0
"[SD記憶卡選購]認識SD卡,micro SD,SDHC,SDXC,注意傳輸速度,U3高速支援4K錄影,價格與保固期限~",0,0,0,0,0
SONY XPERIA手機故障排除,0,0,0,0,0
[烤箱]Panasonic NB-H3200 ▎CP值高，我有一種相見恨晚的淡淡哀傷⋯⋯,3,36,33,8,2
[掃地機推薦] 小米掃地機器人使用心得，高cp，不卡機 ＃開箱文 ＃優缺點 ＃耗材保養 ＃母親節情人節送禮推薦,0,0,0,0,0
【電腦選購】SSD 固態硬碟（2018/05/14 編輯）,0,0,0,0,0
解決Windows 7無法開機的10大密招 ,0,0,0,0,0
PUKU畫冊-孕媽咪幸福禮兌換方式,0,0,0,0,0
Android手機忘記圖形解鎖免回原廠!!,0,0,0,0,0
[IOS] FancyKey:用它打出IG上的英文小字和有底線的英文!,0,10,6,2,1
【好物推薦】Google Chromecast V3_開箱實測,7,35,38,10,2
［開箱］HTC－U11 開箱與使用心得,18,65,52,31,0
解決磁碟100%導致電腦緩慢運行的方法 不看你會後悔!,0,0,0,0,0
【Android教學】手機瀏覽器出現無法建立安全連線，沒辦法開啟Facebook,0,0,0,0,0
手機影片檔案太大/如何上傳LINE/簡易影片縮檔分享至LINE,0,0,0,0,0
[生活資訊分享]6/12 口袋商店金頭腦 賺點撇步第2彈(0612~0618)~參考解答/圖解/LINE Points免費點數,0,0,0,0,0
[開箱] 四機合一CP值最高Honeywell移動式冷暖空調(MN12CHESWW),15,46,37,16,8
小米手環配對及解除綁定詳解-Android&iPhone,0,0,0,0,0
[3C]小米智慧攝影機雲台版-使用心得,0,0,0,0,0
Coii髮攝 / 證件照規定 / 身分證 /護照照片 / 大頭照規定 /台胞證規定 /台胞證 /身分證 /護照 / 台中證件照 / 台中大頭照 / 彰化證件照 / 苗栗證件照 /,0,0,0,0,0
[討論] 日本電器到底需不需要使用變壓器(降壓器)? 水波爐要用變壓器嗎?,0,0,0,0,0
4個超好賺遊戲點數的手機APP！,0,0,0,0,0
iPhone泡水黃金時刻自救法,0,0,0,0,0
分享 | PChome商店街0元開店免運，10大優點整理商店街與個人賣場差別,7,42,20,11,0
透天住宅抽水馬達故障、頂樓水塔缺水基本排除方法,0,0,0,0,0
[開箱]小米手環2 介紹及使用心得,3,46,33,15,4
【App推薦】打造超個性介面！10款完全個人化App,0,0,0,0,0
[教學]Android手機如何在Instagram中放入影片？,0,0,0,0,0
[Win10] 更新Windows10後 筆電觸控板失靈解決方式 (Asus),0,0,0,0,0
[ 臉書解鎖方法大全 ] 臉書帳號被停用的原因+解救臉書帳號的方法,0,0,0,0,0
2018單眼相機評比／類單眼評比／數位相機評比／最新推薦,0,0,0,0,0
華為MediaPad M5 10.8體驗 輕鬆紀錄懷孕每一刻,0,36,33,10,1
2018年各大銀行人民幣定存利率比較表 (1.8% ~ 2.55%)(6/1更新),0,0,0,0,0
網路線接頭接法圖解,0,0,0,0,0
ㅣApp教學ㅣ一起來Snapchat玩吧～,0,0,0,0,0
[PUBG] 絕地求生/PUBG 查戰績網站 ,0,0,0,0,0
office 2016 專業增強版 +破解器 for windows 7 + 詳細教學,0,0,0,0,0
[開箱]  電子鎖安裝完全攻略!!!!大方便! 我不會在忘記帶鑰匙了,0,0,0,0,0
2018日本必買生活家電20大推薦！口碑大整理,0,0,0,0,0
[ 蘋果瘋 ] 高雄鳳山二手 iPhone 收購報價表,0,0,0,0,0
29個你不可錯過的手機免費點數APP小整理(下),0,0,0,0,0
【PowerPoint】精美好看的免費PPT範本下載,0,0,0,0,0
廣告包研習班,0,0,0,0,0
【線上服務】利用手機號碼找出對方的位置   全球GPS追蹤手機位置,0,0,0,0,0
GoodLock 2018 下載 安裝,0,0,0,0,0
如何查看自己電腦的基本配備教學(CPU、記憶體、顯示卡、網路卡),0,0,0,0,0
Windows 7 重灌教學 ,0,0,0,0,0
導航王N3 Pro 星鑽版 (含語音聲控)  完全破解 自己來,0,0,0,0,0
IG病重度者必備的排版APP,2,31,17,7,0
